LEJE977267MYXWAK6H,5553997056
KXTB811656MROMAEV0,5575816887
BWXJ116135HYMVBF84,5532664568
OMIA600889MZVYDT6H,5541741892
SCRH822413MWVGRCDU,5550767816
QSJD393594HYJTLA77,5572497272
HKZM651712HKFZAA9M,5576748662
DWCY250421MIMCZMMS,5565072838
SOON839501HWOWZZVE,5590559424
QGON060592MOJJEHAU,5518288445
IWUK461936MYLMLMWY,5587747988
CWQI454108HOMBJM47,5512936441
YOZF258085MDCWIGK8,5571577809
NNII903993MDHTMA94,5512488753
AQNG250420MXQTWLBY,5529306714
KWLM286497HXHQMO2K,5572546498
JBQB064267HQRBAFSF,5575362865
POHR223161MHZWFUC4,5561302957
JPBX287264MWKIZY06,5586796782
EFAZ699989MGZEBDH5,5500352392
TSPE781607HVRNUL03,5536676024
MUIL186795HHMYEW4N,5584208422
FLJI437881HEMDTG1Y,5560077949
SPQN484032HMNOGK45,5591025787
MPKY789215HJXGUA6U,5577561785
SJGW656768MNZFXOA7,5567208343
INBN985936HCWFAS4H,5558158086
QSYR470338HZBFJC27,5593126112
DKEJ676175MEDJXFI8,5519472481
ABUK933427MPFQETIQ,5586392454
DHOC287533HRHJRGM2,5561881594
MGWR311811MRIHIT9J,5504425353
DVXP614382MJPLIK42,5535198250
TQNH770178MDARKVVB,5587933311
ZZFP468981MZLDADL8,5544982393
NBOR245184HOOOBT82,5539335135
KXKW034140HVZLWM79,5596181400
XVGW500426MBKQVXY7,5558385580
WGZT866322HKIRUG12,5526374255
UWXN752279MZCLQJZA,5596046335
INAG097420MXTZJN05,5543678063
ISRO324060MBLYMA11,5537517104
KKJW139814MMXFXO5N,5573564150
SFNA174315HFLZHZ65,5555863293
RSGM452820HATKMZL8,5529398437
ROMP647766HSQCFO21,5559117474
WKWW907026MSEOTEMG,5562293280
LJBW736822HIHDVSJ9,5552406857
VPUU968161MYBNWQ4K,5529216420
QFJH387243HJKKVPTT,5551811787
MOQA756513HPUWSBK0,5563363431
MLHD660781MBGOCZN1,5557722678
NBXV316226MRVYDW2Y,5542680008
ZGQS166817MKURJDQU,5511828575
NNIR244780MOIDYFU0,5575813284
OJII157710HPRDMWJ5,5512763493
JNEQ154017MUYNFO4C,5556887202
HDWA255002HPWWOD74,5536976923
MPIK349041HCQMZK7F,5574715089
VFDB467020MQTNSY4K,5596960904
CHMU622570MDUDCS7G,5573162897
EVVA517360HUJUIT42,5568438745
TPAL444081MCSDTD12,5557138955
TZYE997185MSBYNRK7,5546736899
ZZZN656958HQAABY7Y,5571280350
AWJK286566MKZUIAQB,5556324556
YIWL930246MPTMGDIC,5517023495
YOHW782465MFCXTQ9I,5562062900
JJMI016641HFMNGK6W,5599784891
QBBV954552MZVRJM86,5521675992
JIGG510329MNSLUO38,5592812029
OLTR777654MBNLCPUD,5593755297
QZEI957569MWELUUNR,5579275604
GPUZ462624MCIORO95,5505278747
DEAW501234MXKPBRYL,5528379751
GSRN382109MEGBQH9T,5581525908
PMNI426577MZIGVFZF,5554879963
DZAL124225MOPZFAT5,5575700713
ETVN203117HNZNSIUH,5570241179
XRRT339737MSPDKG63,5517958725
ETGY065274MNLFDQBB,5518458347
BURW965859MXPUQM61,5542898923
KQBH028360HGRLRB0Y,5577815545
CMNZ237033HUHQUP93,5573903251
AEWA581155MLCYCNY6,5578865773
JWPL404550MBNUQSRI,5578130871
DKLN431945HHBWQV27,5528494774
NPNV750369MSDQRU80,5576519377
ITMD646829HKZTUG7D,5563253856
QTYS337927MTCYTB7D,5511485372
SFKK161264HPXDOD1H,5524549746
JROZ620629MQJLOB2U,5554948857
BTIF625565MKRIAC34,5593412321
AYVY401438MVRPCI3Z,5549786015
MHDY888726MYBAXWNQ,5534792481
QZJH463655HCDQXJ4B,5517882479
YSHO310650HDTRDQG8,5538312729
IRRL234047HNHAYF3P,5557698036
UWSB257060HCUSRT28,5545532064
FQYE261847HFKMHTZ5,5553622588
EKUW265059HJCCLOWF,5517953392
TIVB657713MDEJRGRB,5514666919
MPET408931HTKBSE94,5567501087
QIUQ379734MALPRYZL,5528370937
ARRB823624HOBDCHM1,5544152686
PDZG968018HAFBIH0U,5553219075
LPVR942128MXFQOY7K,5597246762
ODLI454202HISLJD2C,5561420190
IVUY500750HONVVZ0U,5575895231
LQLP519330MDIJWI0W,5595807833
EWVL553488MSKGHN5V,5523214817
KUQJ068922MRKZCZMT,5531124483
RMIX080264HARGDC9W,5583953231
KWPU529932MXFQKMX7,5564028698
NYXM020732HMLSBRS2,5500676338
EHBO393861HHFEASOQ,5587760333
CMSP432427MCOEPT9N,5530805260
FYFF175288MBVVMR5J,5551585996
MGMI701418MCTVQHN7,5572805922
RLNW606204MMDVEX2K,5523382712
EQKJ946986HPJCRYGQ,5553382420
SIKM452249MXVDCEO1,5569406700
FONE626303HASQJIPB,5548456045
WAWD754551MTCTUF6G,5582052864
KFJR998662MLFYFDZN,5585438150
TOVI126864MKLAAUA6,5518944834
XLZU751667HBUFXO88,5573692239
HMEQ662450MRFEUC7S,5514345267
EYSJ927613HOTSHEK6,5511919861
AUUZ094509HJQDKSKR,5561412317
CACY052632HHLCWM33,5540560641
PHQU763029MTQVLF94,5518683276
TYRZ452337MWHMCP2J,5542096768
NBOH071252HENJGTX5,5569259735
WWGV615730HBVWHJGI,5508427167
AXJY060048HGUJUUB8,5514031382
FAEY237176HYVIVN49,5580027446
OXIT510255HCHYIX38,5573328079
RAHE925706HSNQAUB2,5526162449
YWWY209058HYMCCZ17,5505812280
YBFW906086MQTWEO46,5503463894
RMSZ714077MRPKYS79,5599244082
VEQH165758HLHLEHV2,5532456449
RZPC376465MACBNPR9,5543820093
QGYA233771HHWGKEXB,5520863193
KCMW870747MJAEOUYB,5503074884
NWNE768878MBGYUK7Y,5546277696
QGSY060984HSLQXFYR,5523252054
DHGT672169MCNKMM5J,5506179375
WDGX072361HTRWES00,5567745445
GYEM748315MHGSJH31,5574109264
RLBR167908HVOZQJ7C,5515841048
SYAU913179MBJDEGR9,5510698071
IMAY064045HDGHBT5Y,5546025599
GKZG797050MQHTLR7N,5586932811
LMPL291835HRZGMK9S,5531641752
RBEX636034MARDTB53,5506769002
GHTF358214HXAQWGZW,5521585392
RCVU373158MEMUZN2U,5555756895
MDKQ252239HZJBOITQ,5586728251
LLOV879622MUYOBPQC,5538840800
HCBV877630MPLICE9B,5569701651
CALO658331MTMXRAK9,5533658882
EIDO759540HHABIIT0,5599650045
JFLQ131373MCVXPBP8,5544432439
YUQU440016MWYAKP73,5568379335
SJDU302518HOGAFP28,5561339098
RGDZ118849HPEJHIPK,5569516953
YFDN932996MNYKKV17,5587767829
VXAX885383MQWOYW8H,5554710212
MFIT868723HZCQUIQM,5570961114
DIJC164303MJKJMT14,5570887646
EJMT902518HGXXQV57,5504787094
OQYB061843MRAPPWE8,5577694241
CAQO876122MOPEPCO5,5585370462
HFHJ951862HNAUABXF,5536646546
OWSX047163MTWSCI52,5510926522
AZGL194161MJAJLTQ2,5502792290
GJBR072277HXDHJI21,5585083072
QPHF210503HVDANN79,5548570794
IUVV794230HFVSFIL3,5573819086
YDEA568077HDZWWJE3,5506377053
AXQC050118HZRULFE0,5522468757
VJCJ616281MCEXUXOF,5517957280
ZJZQ015062HKOKNBK2,5595397608
NSFR064498HQGVYV4T,5505163655
EZGS806693HZAUFE87,5596137140
SBXK011231HFFXZIQY,5570266612
TOVL218023MOOIPF56,5511909668
AXSF232444HKNXNWU5,5594030264
SNCF477782MARYQB91,5532106766
KWBZ368713HXRPBRB6,5534062595
BDVM583864MQNBVQ63,5585253886
LIIJ853169HYOYWC16,5566893909
NYYV751656HFCLXHUD,5577285989
NUIP445169MRGOCZ0Y,5535440011
DHVE046443MCRTQZI1,5572342617
MABZ408386MTZQIB8R,5547873598
LKIP549365HDHADUQ3,5527929197
OZDR397815HVGCWUTU,5580473644
YJUP454892MJMLQB73,5563460358
ABNH608328MNNYCZ52,5571392963
WTNU695547MUYEKAY4,5584449887
CIYG485769HFUJZNQ2,5542503514
MGLT057581HQLNHL44,5596311756
RKAS038686HSODUHJ1,5512387141
GSSD861941MRYMUM23,5513593972
PTUO761515MRZVLMP4,5574131908
JFIJ101778MDAZJVK3,5517707305
NRLX925454HTMNJROT,5576471858
HXAX413601MWWFEK54,5573448376
QSTH135068METBCY98,5511226046
DXEO199549MWTCYP45,5550596961
QEKZ654858HXJTHU49,5567514758
WYVP990349HIJSGI71,5512640330
EQAS008017HAJAPA2S,5526925474
TGDP334839HNYZAW92,5547215832
LSUM451775HUWAXD1B,5501413770
VYWF055847HNTSKV1V,5544306074
PHQL756011HLIPCOVA,5531099702
HABF653844HETGBT8J,5535463486
BACK758884HOXICH2K,5591718392
NLEG614779MXSEOZ2Y,5585420026
BSVH060436MUCTEC98,5501229563
EIMG621239HSAPZYN1,5593358199
OSQF945896HXOWIBLP,5549036111
WJPW077170MWSQVS2X,5587622991
ULFB753304MBSUAK7J,5552515250
IFML005193MZURLB94,5531204198
AALP408354HLGNLZ0V,5507586591
APIR264604MNWCHUGL,5548017290
NKFG249318MMBIHX09,5517217726
PMXL893756HADKPZMI,5584807662
QCFU776729HHEHRGNB,5501047328
EFFB078738MGABDN05,5532566447
JJDF875256MWITTR20,5549612784
IFQB545619MWCATVM7,5568617743
OZCI873745MAHIGDKP,5572188664
IRPB392433MNCZXKXO,5506401594
RYNB010176MPGSNO7M,5555435664
THGZ776163MLFHON6Z,5545703951
TMGC960915MIALUEOB,5545692348
TQKT305585HZAUHW08,5585351278
TONF534239MPIQOU24,5532731209
FRQM476979HTHCVB3X,5551094408
TXFD566631MSCKTP44,5528704259
RSPE957510MABAGH5Y,5519945648
EFTY626711MADBGLX9,5511833373
QQWC701803HKOLXXTA,5525977459
SMGH329698HDWBKH6L,5512622192
JEKZ317925HKINPP31,5561418807
GZCC613159HWPOWPCY,5554102734
UUJN133285HOCBICK5,5579722770
DOET251685MATQNXG2,5538929010
OTLX337005HCQJJAKI,5555134789
NSSQ203262HBTYRT6J,5574770255
JIJE716757MTPMUMF9,5594453123
HIXB168367HGVEMJ33,5518254451
HSYQ470957HAGYFG1R,5579128813
BSOW619509MFCNGA7G,5576702149
BCKU688023MBLOIZ8D,5521106712
KKZM701965MBXELJ24,5584662065
NERP418417MMVHOB16,5560008855
BERY864735MBYHIG39,5597409508
JACX238691HJNCEQQ2,5582236740
PSRF504931MZKPWIV5,5516944780
TQIA993955HBJMYGR0,5571109575
DYIW394368MGHANQ21,5583294201
VDYO509778MJFPLO5P,5530232838
WEKD466521MLMDKL3N,5509397925
COJE069155HFQOIK2J,5540921434
BUJQ804967MRBMUNK1,5509386884
QHEM846269MLLZHAB0,5547417889
FZZE387434HHBNXK1U,5575442560
CXEB505278MJUKPGS3,5537846414
DUNG267730MGNFIUHG,5555821146
ZOGN403225MMMGNYL5,5522133680
RUHC359380MGWCNO54,5549907029
HGXI871150MKHLOUDG,5551524816
ISCL231535HUGPCFCU,5584031661
BYVH121866MRLGRO3Z,5545589444
XBHV342012HUZSGDS4,5565497215
TQMH274358MKYEDUK0,5524084923
PCRV547295HQTRTNGC,5500718401
TWOR064727MCQWAZHB,5535698179
IKGZ660946MXXJRYQ7,5594982215
CUAU931931HDTFTB68,5517665230
KLZK512704MGGJYYKP,5589528292
QMOB769236MHZRGIB6,5589634263
HLSO501044HEVMOIY6,5558595929
GXJV469512MHPQUR17,5506952059
GQUY737319MERBNETT,5530758308
XUEY645297MCWDER1W,5526557653
FWIK024625MAKCXS1J,5577255970
TVZZ684411MRRRPZG9,5590038194
ZWLH318780HHKUIF71,5551909703
ZXOI081475HTTFZI91,5579396286
SLMM986519MEHPVN1G,5532021210
VWUF970306MIHUBR66,5581791074
VWJK145235MNWXRLDQ,5568269518
AYRQ474157MRZCQQD3,5521327655
WSWX433478MLZMER48,5557861101
QBJR308138MWLYRBK7,5507461488
EOAO683440MQCEHZ3M,5528552722
EGID322537MLZDXIHI,5589651770
KOTY796791MVDHKX5F,5526336083
JZZM217703HAPTWK98,5589015124
ZKLI777794HZREGFKU,5538426639
NSZO595686HKYEFG7D,5582669110
WPCV025326MEYAXCM8,5597592269
YEXI594678HSBVXU21,5599890505
QWAC732254MTEPRR92,5583635212
UNOO472652HHJRQOQZ,5570857330
AGYC449447HUFZQP67,5513775457
YBSM617215MKCGZRT0,5586168229
SLPD864127HAXBXR2J,5536452686
VYWE065813HISYEQN6,5582640810
NRWE861550HUFDHSQ4,5597785133
MLPY178501HFORTY2A,5502131284
CEYF800880HQHFSQ9W,5537001389
EKPF058413MSLGLF56,5514288454
JXDU290780HAIRAA94,5521614659
WWUQ634996HWTDWRFM,5589311442
VWUQ954725HVAOAERT,5558324578
ZMCV702813HTHWEGHY,5592278348
FHVL193999MZFYZO2D,5557353603
AURK777642HHWCQR8B,5583791459
RNCH508578HDATUR44,5537610988
AFWD785782HSUFOX33,5507711048
RUCY061395HYAFAT88,5566992188
SBYH486410HQQNGCQ2,5536422702
DJVH409447HDRTKUB3,5585155871
YZYJ081678HXCYQUXC,5556472321
IUES214234HELTVH4P,5546784676
JRCO477772HGPTGTMQ,5532042406
TNZQ194202MDTDRK6L,5543510610
FQUV838280MESTXC5C,5583767276
SDSD459019HGWUKNVD,5507539434
VXQL758672HJSSXH07,5556896341
BPGS645719HIZZSM1P,5566920527
MSAE896101HDNBUD75,5501957759
RJFV227902HBOVJJ8X,5538514830
RCWH194959HVNWVKOU,5565525451
YISI079892HCCCGE3K,5565605709
YQJT935672HVJRPY7J,5526014844
EOLI519606HADJKSY4,5546998121
HCSP032156HXAPQF82,5539590232
UKFR165280MUQKSY07,5524825932
KGIE523801MVBIJA9Z,5524861529
RZTZ391162HBOBRH46,5580810715
DDKY098552HXDGMY4U,5521890069
ABKN391660MYVPAH4A,5556197414
WUJI905175MIECCZWR,5585201091
URVJ001774HNYCFTFW,5541121248
VEYJ892629MYIXRHPV,5596479948
UDBG855032HGDXVT38,5561275647
KEYC642174MKMSSE4H,5571198440
IYFZ691765HTUYNS13,5543176024
XLNS006610MSMBTJ96,5523862866
LOJA075599HIIQTY4M,5520173389
MDVX589503MDYHTJ8Q,5546157108
MUPV568774HIZRCGDZ,5507296129
GFZX436180HCZWSN9X,5502920525
VBEY732734HJBHEO6J,5545183039
AKCC606175HWPOUU53,5531665434
WZDW077675MOEAZH31,5524104817
RCJX663078MAOWAKIY,5545236643
ENLK090814MCZSMT04,5538315552
UMRJ397366MKXARQ1W,5565153883
PGKB791026HQBGFYZ3,5517251735
NKIG988671MSNLZA0A,5520919219
KAOK834162HKVOUA5M,5588933988
NIVP532807MJZWXM5T,5574359394
REWV810760HQIWPA70,5513606405
EGJO270544HWAXDFHI,5557622626
OGPE732477HJBSFN72,5574490727
HAFL800275HFCCDNPU,5583009487
SXJF465364MQKPJOLT,5500326371
VQNC650960HHNBHOA1,5552424479
RSKG681437HYYAIK78,5512369799
CXWB871906MIFANQ1U,5520360905
RSRR292302HVEBEK2W,5557551602
MOER830896MOHKDGBB,5595245029
WXSP915000MRDOPHA3,5583410522
TPQI982384MILBXZCV,5555999255
CLJP945390MMXTTKE5,5503366386
XYSH347924HLXAKP10,5545265615
FJKQ733861MAWBYJPD,5519611545
VBMJ349838HJQFXE10,5596603750
NQBT023152HIKVWE64,5579949848
ZJYM812519MNGFTT2R,5531571691
SDYG402377HVGOBK05,5534969091
DLER133924MOILNQMQ,5539015829
WJIV362187MSUOZDC3,5582531206
PJLH156460MXUJTXGR,5536075052
XYJA600594HMRKYF2F,5517865706
SNBR758369HGVURB99,5584997374
OQDB938319HFAEPL67,5513177330
TQSL095854HYFBOZSW,5551186528
LZRA439242HXKUNZ3C,5529776358
ZGYT410326MIDYWYGS,5547572479
KRAE050471HYFYHC81,5526543051
DNWX420821HUVMHIQP,5533695419
CEFD246288HVWHVR03,5556921301
JMRN159777HQAUJK4E,5549625905
ARQN644474MIYSDAL6,5507886510
KQQU458024MHETHO46,5526462420
WZQH334020HYNKDT9E,5517397008
RZAH967827HSQICIOM,5585159593
JXYJ491014MMGHDO50,5570096442
BFKJ573228MIFDWT0B,5529738431
DNET793608HMSUPIQ0,5547270300
YHYH630469MYEVIMX0,5533894423
LKWM465640MYTJCW61,5544522528
QPBL685125HXJRCLYY,5533332624
QKYH334528HEHJXY5U,5520512182
HBQO113333HTGTKI78,5585877549
XBBZ478231HGSZAHHC,5502093316
AHXG283192HFRXIXYQ,5586292216
UBNG631226HDLARWW4,5500893877
FGTS608850MGWDUH7F,5587134396
GHYE318174HAPTOT1G,5595911703
CUWA113069HADUZDE6,5523261694
SGOR338701MEQXNQTM,5528274787
JSHC859121MOTBIKX7,5554188470
PDTL818695MCPMLLKM,5536204299
ZKQT160163HCXQFF8X,5559825017
FGKD789194HNVIDXL1,5502039347
HWDD853194HFZYRPZA,5557505557
QCFD968097HPQZKZ04,5574911818
GTSB693625HAAWHWO4,5567094864
GVNV037642HVGJQRTW,5574884892
WOKJ307885HBIZGAV8,5542472402
VKJG229556HTHCPRRQ,5594091818
TXXS123707HLOSQE07,5553886971
TDLY771152MZOJXC89,5540655760
INDX538081MXZYFN3I,5556910022
GDYS648171HAKUCYJP,5511060107
JXTS550815HDZULR0H,5538674837
XDAS040609MLUVTAJG,5593038141
VGAZ356834MODRFAMI,5508497585
GZIJ257524HFPMFGLS,5570806229
DJYZ240950MKZMZZ56,5579576754
FEHB335408HONHBUE1,5501395629
GSVX685197MTANUNN0,5570991744
XCKX357236MYXRXDNJ,5522243141
RGQU662517HRHDKS3D,5548313086
LAMN605258HFYGEZ05,5531607536
MVNV703900MEBJTB04,5561608462
JGKD313916MENQFRED,5567931097
CVCM251420MVKCXE9X,5575332664
HIBB533119MVJGWS70,5593435782
BOSP753925HTHJMWCN,5560630151
RLCW820483HUDTWI9A,5522707468
DPAP905292MYGQQCOJ,5512521919
XQFF865629MDLROU4B,5507650908
ZIXB338465MYXCOQF5,5555381168
RMAW146286HGFHMZ5A,5599149924
LSBW862572HFAMBJ96,5585194103
JMYC106589MSYUSM81,5569960783
JIWD681311MNUEMNET,5535171889
GIIZ694752HQRERBV8,5574428248
GDHH178374MATKUX8T,5568120370
BFLQ307646HFRNCBF7,5541507909
CTKF768656HPSVYXWT,5593501475
PHFZ524100MINYGX3F,5554840653
QBJA661392MIAFQJ8E,5562468037
UOUC873706MSZDCL45,5582529023
AITJ899164HPHLTHAZ,5580151741
DHVF436510HXBSYD9R,5533233829
XMOM689667HOSEGV18,5561300761
TFQI701163MDYFKJU0,5508686610
GZWB351475HXOOAJ94,5561253348
LOBD129201HYMYZK5P,5598361564
QEEJ915171HNTCRDZ2,5517040270
NCHJ335996HCPBYZ83,5544548005
NQMO601267MNDVGMP5,5598431575
IQQP173492MTGFHAB7,5541968157
KWXY186837MJZFWDBI,5564796303
DHJH045141MVZVISJ9,5551207975
NCQB716658HLFVHD0L,5595259957
TYHP292508HTSLCZQ3,5538474511
WYMD022257HFTSZPEQ,5541254920
ZPIK402872MRYOUG74,5565776833
YSFP437153MWMFJPSD,5521885292
UWRK480139HWZXJHJ5,5553504062
RPDR731913MQLIMKTS,5558243144
SAUM751836MEVEWC1L,5525991662
OFPG207435HRTTTEYZ,5543384795
EUSH287410MJZLGHM3,5510474049
RWLU285579MRZZXR4M,5582556650
ITSX563125HJZCYV79,5535471204
HUDD849573HIMXGR2H,5559147861
DCUN955079HIYMBC03,5543867720
ZUZV198941HOGBTE5N,5543316310
IAVC200768MOUCEV89,5565726629
XGSC482101HLEIRN33,5527633181
QSXP758122HLBBTJ54,5578375573
BNDT336137MLGWCB38,5547221173
KNXD359736HOKRJYCD,5533640734
JNER714620HWCAEDMW,5503238721
IBRC039764HRKXQI34,5567013585
GHSK259410MEALDX2Q,5595410930
KBTZ324319HORJBR34,5523770856
EJST578062HHQQTXZS,5551404565
LMOK785648HGRDIOW0,5575444926
PQFJ840227MHTTLFE1,5571742813
DAIC313073MAAGOM40,5568405631
BRHZ023071MXWYMWT2,5528563336
QWJE064255MYAJINL5,5557991321
IPLN744210MPBRNZRK,5504679583
JKWT043400HLSVTAAW,5511657884
WHUA397067HWFTPO81,5592096228
WKGG992325MBZGKE12,5548615435
OIQQ466231MPNZAZ5G,5541621129
LFDG817876MEYPLZN3,5526102675
KCKR522991MOUBVX4M,5520679377
GQZC716250HAWIIQ63,5502557349
PQGO948487HCTETJGM,5589951003
NYGL508573MONGABYJ,5571813826
GNQV857692MLKTMQ8O,5559867855
EDEQ667733HFJOBDSS,5511168438
IYXT533914MUUTUL2Y,5562078348
RFJV668622HECXUAEH,5519281920
LOGK127632MFDIFWA9,5532521529
FQAK404800HAMKYHDP,5597483169
XIHD838971MYGOAC17,5561042605
YCZL043602MPIJOP74,5589810735
TPHT707584MUYQKW9R,5591548547
YLRS375280HOCCVJLP,5552962050
PDOK322179HNHZNXZ7,5509723969
QXQV269700HSLVVZ7X,5569799925
CRVU692961HFNIAP0D,5535379746
HRLA077934HZDATZ8U,5524483356
TAAQ228878HDNNOJCR,5591858001
EYJV838250HYPCUP88,5501086796
VHOP650231HMYFIEUP,5528520563
ZQTH189191MOZFIN2A,5543602113
VLWE492582HLZRDQTP,5514835834
SQSB078718MKKMIYM7,5504869791
KJIY727538HOWSXBA2,5518050136
KBUM479279HTECGA47,5519291076
FIHH894073MOTZAAN3,5585765527
SPTQ189215HGQOUU8D,5537954570
PSQZ806150HELDWJFO,5537855457
QGCJ642855MJPDNX1G,5521356374
RHBS868275HQPNGZ2G,5524540186
BKOK058917MJAZRVR4,5563784340
HFEV023972MCDIAE5Q,5591475453
DVAY121066HKTKUQL6,5506753150
ZTJK576107MXULVXX1,5531421811
STDT152088MIHQEWL7,5556304772
ITYT973880MQWUSH3T,5517042589
NPVB626483MUTHYCIL,5518812341
XCHP895447MUAILTH8,5547579243
WEAN625611MHBWGNG0,5526540190
SKAI465757HHNHJZ3F,5586524475
XIZK445877MMUEIVB9,5535230817
KZSX884662HMLGRYBF,5531747150
NBED559735MJYDRPA4,5519876875
WXYK794328MFJLNZ20,5505560724
YDFG360725HHUFZZS9,5586651742
SPDN991352HAFAQP95,5516485207
UFHE678155HVZMPMB0,5526468330
SXKS062747MRBUXTAE,5566801245
TQLB886782MKFBGK9C,5514159124
URPN167467MGRZDO78,5535021205
BWVB490192HTMRKV01,5507978334
YMTU086459HCIXGW2W,5584419083
MTCZ769611MVCOEFZT,5564327570
PPGZ746651MNYJQDWM,5537910822
XKOP937255HDVHEYC6,5543085358
PRFV863723MYSOHJ42,5532499388
CPSJ509922MWHARSZ0,5569978198
RITN835232HHQPLOO0,5558756471
REZE036589HVCUOM4B,5536974623
USPT386772HAMFIMQ0,5540674667
PBXS241012HEYEON99,5567579841
NGAJ611610HZVAFPSJ,5569821127
POSZ295564MEVXOQA6,5519118555
VQBM786059MDYJWN47,5551423060
ZEJN575408MCZYAGUY,5545250003
POOD123130MQTNIY5H,5518329534
YGLQ529264MWVBOEV0,5555008086
HAHL718626MQUIUH57,5567467682
PWAF416740HEAMBNSK,5538362335
PJMX516901MDXZEMT9,5589411289
FFAL427002HCESDQ33,5567144830
RQCN857542HCMKQY34,5583072613
MPWE603083HNBTAMR9,5540955997
UPKC391464HOOXIR8R,5548373131
OVDB567195MWMZZZ46,5568957222
TFWX126181HNIJDN89,5521879509
PDKN774282HPVPXI9U,5503780809
YCAN848516MNIZCUHJ,5572131825
XQVQ607949MZLMFA59,5576032902
LPKH673409MRYKUHR6,5555764368
NCBL555012HPQKIRXR,5598578416
TKXC978766MNBALYX6,5541269302
EFEW150562HNGQOSH5,5537789682
IUIL258070MERRYV15,5536235620
ROKE873850MJPBIZ2Q,5503848283
HYBF584085HVQOVU46,5537345018
LCHJ543261MQVTFB77,5512806115
NIST731374HZSGGB5E,5520855686
LACR063244HIDMAWEI,5586345117
LOFD870648HSHWNP98,5561363330
VWQX222126HOGOWI9T,5569078236
IPOR102342MMNAHI6Q,5579989057
BWBZ690785MCSUGMR1,5561844939
QOXE706194MVUUFT08,5581219087
ZQWD390106HJZKOSZ2,5537753392
HUHP604517MRVSUBG5,5573378977
XGEL055329MXDLOWIW,5599936494
VRKH241340MTHMAQ35,5513074992
FQWF886643HNKIRZFM,5540254980
NZKR985886HYKZVKQP,5563760756
SAYB483383MDPFVCGE,5539762404
WAOK680741MXBTNL79,5511272941
PITL991036MANWFG11,5531572771
DVDW724942MLURGC74,5587693929
CKAP538430HMQHRO3B,5563886598
FBYK609178MYPDGNT1,5587921789
YQFS320620MXPKRB87,5561606439
QKHB392087HAGGQHN8,5516894666
DRYX202920HXBFFSVF,5506994474
SADD951826HWIWEVH8,5569169568
AOUX073144MLZGVO98,5535620280
GSGK042013MWQVJF0I,5538517550
JQRM772097MSOEMCD1,5572981028
DQMG504747MTVGJT6T,5597161452
VETD859422HUCGFR1U,5588773719
ZGMY152840MCRYLW1R,5512282297
QFTC495764HDGCUI26,5589482288
BXGH257197HIAGVA53,5530603754
UDRS827082MRPJOF9K,5543562352
GCOJ729167HOBQDF04,5528514755
RMKN109589MNRIGM37,5586508443
HPDO144550HOQXLMGE,5532515580
VQXN758834HVDCWXD2,5555961466
TCJK151370MNUVVX61,5507797723
FMDA329921HWXNHKM5,5560853495
IJOX480288HSDCCM27,5502867740
YOLV803346MUPCZVM9,5509085969
RKLU129913MZBMGV6G,5583282555
KUCU917020MTWICMV3,5526184869
AGIM145817HJOBYX85,5591388667
IIYL826042HDSICDLY,5516746789
ZUBC141572HCYBMI7D,5563345549
GFZR409929HBXVNDFY,5524838896
YCGA975294MFTPFA17,5544548985
NEEC379931HHWTILDK,5587458690
ZVDZ750531MBICTC73,5543313060
QAGC891231HAXIOY9R,5572778354
ZEHJ087143MFQLDTVB,5560541320
VEKH555273HXEEBA46,5564497258
ILUK580709HAUBTS1M,5540901692
JIVS480570HXTAZW63,5556648237
EOMV016450HJEALG09,5594722081
WPEH137944MZOYYU27,5594407396
IXGT185609HRLBPH8H,5511274737
BWOM353646HEWAZSWC,5572970576
LISZ237515HZCFAB1X,5572491596
MARJ075717HIPWSPSD,5582097255
ALYW030606HDJTJZ53,5507551719
VNMN265265MHFXPU30,5562372410
PQWL015203HKMJDXOS,5517350592
EGUE971148MPZLUIG3,5523977169
KXBC829397HMVKSLUX,5561491901
IKFT176579HFIJSCXS,5574458332
SFRA806429HJLWSCWX,5563127419
NTCD260968MWINBGTG,5574990610
BXBT714066HHOHRE8E,5589911940
ODFQ731093HKHFAQ95,5595261844
SQRQ345194MFHJWISA,5512149091
YUCO638925HPIPJG8N,5538212654
TLXY162744HIIMXU9O,5544162217
JBKB376770MQJUWIJ1,5506417722
AVFM602089HNBCQJ88,5518502612
OFIF944753HEDDEZX0,5553409611
FJEF212067HKIRBQ9A,5514039153
XGRV423344HAWYEC7R,5519780584
YSBN892446MRBPIO62,5507196463
ZILI833224HBJKZA6F,5566923018
KLJP978501HHXOGXTR,5574751815
AOPB731403HUTSMJ36,5591323870
GRDF818757HPICNULA,5528362134
HWDA453052HZBRQLB0,5531622878
LIDJ375789MRWIIQH1,5523968654
BXRT203912MWRXCFCY,5537469584
TTXP498225MFIVHMYN,5519501605
SZWN419312HDJNGH54,5501085315
JDHK537725MWTAIYWH,5577492409
ANDQ181623HAPYLI50,5518011970
UZFK161140HKBZIN86,5540109242
PTDC740312HUFFRIHM,5554930629
EXSA678077MTWGGTQ9,5563341872
THNT285077MXEFDJZ8,5520164681
LSPS812421HSQCYXNT,5529123058
MLMQ510499MRYECM7E,5563987298
QXYY170957HIYHECIP,5561913092
DNVG463046HVJOKJ1L,5565875801
KSGW026952HRBCRRM5,5547041372
PWKW409789MNMUCU02,5504501907
UVIC356200HAWVCG85,5527671737
GHON667722MCHZHBAO,5522034976
WSTN646699MGVNQD8M,5530242103
YAIU562775MZOBCTC8,5590957900
PVWS806145MHRUODK8,5534698274
RCBC637441HAQSLMHP,5588288267
NWJP767103HRPWSD9D,5594808453
PSQI271679HAKPTJB3,5523480143
PBJN847633MAKJVB32,5583618115
HIVE876423HWNKVLED,5518629433
FBUC378719MTPXRBN0,5582254093
GGTY792485MDSEEFDS,5564108245
JKBK768610MRRRYB9Y,5512737283
GYJV845281HBVIFK33,5555052648
ZWFP595747HDMMNH4Z,5512355833
PDMB607087MZALIU12,5549604402
XEKZ034188MBIKILPB,5541026999
SURR641745HBUZYPF7,5525736356
DLRI603667MAMSIH4B,5519893079
KXDF086285MSCCSA51,5515860107
FZIM541848HBINNL62,5515597122
ZGNG519710MNCXVE14,5507696973
ATNJ996120MWGZAG4O,5557131160
SMWU555553MULHQAPE,5571615776
DCMP978089MPMWTDK1,5501873279
UAGB360050HWEMYN49,5578076000
WHGG041910MUEFFC8B,5585272742
HINA408001HQNYHHE1,5553897475
UOQP303579HIBFAVHA,5579839595
LKXL508178HBJANACV,5581996186
RMZG284736MPCGIB1V,5525538074
FDJB063041HIWFPM78,5540456752
KFWK471944MMBMNF4S,5590686241
OTPA366473MXPAIJDD,5581123756
EBDH151000MMIBKCL9,5592145365
TVJH958947MBUCOVGZ,5575518877
OTHC777461MIJACM2H,5528588341
BPLJ833470MLMXQE70,5584119786
COWG737079HETROBJC,5531087675
NVKL737239MEAQZKM3,5589164366
KWIN425664MXIWZDW9,5533224044
RNAT053559HEJSXZOL,5538724215
CMPF508429MPUNAU51,5599532453
ZOAD467710HMDGKU64,5584456196
BNUV998019HNKMPCGG,5534081465
IMBD148710HNCQDXDO,5589385739
SDPQ802904HPYAOF3A,5513410985
NWRR763858MQUWRW19,5595419939
HCXN174423HXUCGE2G,5534137978
MQMO683511MZKYTLN7,5551195764
SYLK263040HIXPXMT7,5576189673
VVND757739HWWLQK5O,5510820839
ZELO334615MROITIFR,5514660225
WYGX498283MEYTJW2O,5579265695
NNOB473144MYYTAUXA,5579155129
WUKO777568MEXWCP52,5506932753
ACBM345463MRURLG58,5511994062
GENL194843HAFMVDG5,5579563332
PYRC929994MNCBPZF5,5521477109
PZXE227284HMWOUV10,5533298120
FZFR953095MOFTKS95,5544467965
CLZN705884MUXLCOMQ,5578193091
XKUJ228092HLTEBGD1,5544040466
PXZS622561MTEECKFK,5520572712
VYEM802819MKOBBT1X,5560684347
BQJD457153MOJQSMGQ,5574507004
AQVO527327HBYLMO3G,5514986951
QLHR329974HFUJTH61,5511235753
RCDC475392HKLKHZ5R,5503446264
MFYH227352MITZMKUH,5592119330
QFUX684781MMABMV63,5545855342
NCKH955951HCURCWIR,5574305150
IPPK710507HCOILK75,5597037743
RQIW533545MDVLDSVE,5533898720
IZZT325673MEDRGY8K,5558193416
OVNZ802848MRFTRPE6,5502706503
MXNE029831HAMKETFU,5504844600
VUAV730343HJLOKF9N,5563207012
OBZU127258HVYMIPPK,5562083651
PSID613753MAUBSU8C,5506535090
MGZD782101MROPAVRS,5515237643
OQKF718979HUKHTPQ4,5504916111
BMUW974451MAKLTBZB,5565888260
ATOA252947MZKOTOGB,5505934914
KUJX722642MZKZPU98,5560810103
AQES862363MEJPYC28,5520593010
HYNX426213MONJFM40,5550837737
ANGX982704HOLDER71,5502164247
MTDZ924200MRSMVPFO,5557483825
SNYJ547414HODADFB2,5543370527
XLBT070681HYUHXKOC,5524521692
VKZR348950MCXOIKMH,5556294597
VONP489695MIUZHY9D,5583799364
IZUW356460MCJIXVCH,5508886243
LDDA115219MNUAEV19,5506203499
UFLY526163MDFAGMSS,5536697547
JQKK525855HWCHBT9V,5519753771
BJQJ062924MSOBATXO,5519534784
YYHS560104MNBXEW71,5517100997
XCWV524890MHJODP08,5582901220
YOJP209036HBZNNK80,5570101821
TSCP879470HTMTWV64,5509983692
ZHZW253502HKNWZY17,5567688693
JCGF010600HKGRKT08,5555794970
RPTC058562HRDDZU19,5559951438
EWFP515568MLMPHKJJ,5564955415
MVLK807957MSKKTDPY,5517508058
CHZD688008HTHJTIS1,5539881155
CETA676733MKRWXXA0,5508463550
MPCM405070MZUZXPZ1,5558751432
FDTA335832HHQNIH60,5561810235
ORAQ163883MUSZNMN7,5558169917
YUZY220696MDLEWZ7U,5527847285
TILQ968844MJRNNH0W,5596110908
OPOV626359MWAQNO77,5557330958
JNHF145230HCXJHAT6,5546912066
FFWZ344298HBABKSVC,5550296860
VNND950273HPSMUPGO,5564983317
FTGC280314HCEMHVS2,5576514568
XYOI993165MREZJK2D,5518846693
ASLZ542690HCARXJKF,5507730968
LRUO029114MXKECSD4,5551978896
LINS575812HMNOFSQX,5540910464
NXUE729727MGYKNX47,5526216726
ZVNR709974HCXRAI7Y,5538780785
SWTL773064MTBRNK5R,5573390148
EIVH544772HNJBPKSV,5512023209
EPWY065695HJBDDEF6,5562297487
RVOZ306680HRVGEI95,5512077940
WELL652719MSLYKQ4P,5565550209
ZJIT807345MEHPAAW2,5512110519
OBTC545141HNDMOLX3,5595574760
VMVM324830MCRMQC50,5546364566
VDCL847581MINEUFBM,5569759029
HPNS373491HOWBGIW1,5554086925
IMBZ452318HIKWUMZR,5546307447
AUNX705088MMJKEM4R,5544116152
CXCE402380HGRRUGH2,5519795853
UCLM428359MOTYYOS3,5572721200
XLHA404490HPBZRODZ,5592910074
KEJY904111HWODLX94,5589113375
LNGV292372HLFHHT38,5542621816
SYCZ504285HHGVWA0M,5530567840
UGRG288919MKMIMXZL,5574874908
TNPY334735MJMDSR64,5539184981
AQET276461HERDVXD2,5530223834
KJIY925266MLWYCZG2,5530364038
XGGN880783HROHCK50,5540095767
HUPR560273HVPWKP4C,5516642238
HHNF103358HBLBBKST,5536664022
LNFD006109MGFNMAU2,5529520798
NDWX952689HUCCIJL5,5535084184
IZXO745865HISKTF01,5583328645
ATGT942923HQWIUA1O,5558246026
JSHO201977HPOVMXQ5,5573805143
QCBH015624HBXFZD07,5545551891
DWVR547046MMPJJQ90,5542399769
EDNY174472MIQZAK7L,5518714131
MGRI591030HWNYEZEV,5519533903
NPHP203938MPBGIE19,5581147406
COHH321812HLVNEK8M,5579906093
VRJR446997HIJLMC91,5592801220
ZTZW660108MSHUJINO,5567375719
RJXT326940HRPDXZRT,5553661876
UTKV567729MJGPCUF3,5581227741
JZCD771219HRACUMF4,5538331883
AATE953375MTWEFIZH,5538410089
WQEY604231MWSIOP03,5556359749
CBGJ438144MDBQVVJ1,5582795477
CXZJ014236HRBSETKY,5514138915
EMCJ808345HSZDSZ01,5509310342
LVQM519696MIXBMA1C,5547077290
BDBP268384MHVCXJ36,5593154426
EUTE184845HGEYII2B,5522612514
EWZB519538MOBZXTKU,5556174070
JMVY435929HMPMMV3F,5522644698
BXTQ537288MPHHFA1J,5588286027
ZYJR228107HIXWED3E,5565949349
PPIB183814HPCYKH9K,5561795040
CCRP881096HQIEIA5X,5595985045
CHDM926110HOZKTRGA,5595767044
GXSW160559HDEVPSU2,5518815321
ULGB292492MLNSIXY5,5537285914
ARPC746725HGLHDUOT,5595640038
TBPQ339922MSODNRIK,5512496839
BTDM057921HVYMIU25,5592012952
PAQL266556HQVBTFBA,5537316622
GTDT312396MMRIUHWL,5566022949
HXSL409427HWAIBT0C,5586745663
GPVZ532379MWFTWE7M,5509170523
LAJY917727HVKACO9L,5543637496
SMPT820755MCJINZF0,5526487142
ZPUS321108HCNGUE98,5597070695
YCYI823488MHDGDK6Y,5574439067
PVTC745404HLDPUVXQ,5528880540
TERB373395HSWFHVU4,5519790201
YBUD378546MRDPLOD5,5506422261
MHOH112045HLUASLCA,5595911170
ENVR124619MUZKPN73,5540740244
YPFP307118HSTHRIQ1,5594379063
ELAT742137MLTHIYJE,5578994433
JKEL629678MBFWYG0K,5522529802
FVTM634870HGGPOQR9,5534923552
YDVM910754HMCFDU6S,5555727952
KHKK701643HVIFNIXD,5595403413
WCCM402981HAPVDPOZ,5593112444
IAPK184341HYGRJC51,5538622838
RSMG885840HWTLRQ2I,5546499836
HTZM819777MUQSLJO4,5563359649
BNSP794531HZOVTYGQ,5503088257
FQQQ860276HDKOFPYD,5516298586
RHFC565284HSCPMB66,5512744502
ABNI190576MXWEWY23,5583968327
XJNP915583MPLVVQ6E,5592936293
ITOS656917MTWASCJA,5527065110
EOCV699769HGKRAZ3S,5555526607
KUVR041151MZSDTEFG,5589689588
PCLH184794HPFOSCO7,5572027277
XMQM214732MLNBLS49,5582675157
TUFB098113HHPVNXF7,5578981518
UZAC396448MYRPPH29,5558892232
MICJ723823MHHDFLBO,5589770911
WYWC939967MYMNWJ03,5506057297
TAVU625889HXEFJAER,5500703555
TAID490622HJOYBX0V,5520234051
DDGT019538MFTGHO65,5543569499
CMEQ662507HBQBIS11,5516880602
WUVH483908HRFOWNO1,5567417463
HXFW088060MZYKJOYM,5532483499
DEEE563115HWJGSF79,5516905560
MQTC803339MGQETL3A,5592903797
LHOG438313HWYZBIP3,5584065643
TZGQ091037MWLWYD8K,5589833684
MAAB179416HZUPIKSX,5556160798
ZVCP528609MAJUQY32,5579855627
UGUJ853626MFYQSV8G,5533579530
UCQZ617180MDRIBGX9,5551297045
ZKTW769082HGUJBT96,5588284357
RZKN481796MZRGXW68,5597839088
AOEA932020MXIVMN3F,5574351268
OTQW371620HOSBOT4R,5597329853
TGGY638379HPDTRB92,5516308380
UJKS183697MASAAOAJ,5558316300
KDJU356448HQGDOR70,5553380672
KXYL768552MWKXBC14,5520997336
XDWH261191HESRIO2G,5589190506
EKKM847426MXGEIXAF,5520638435
ZXOO653772MOCHBLQL,5556131143
LAWH998359MVOUDM1E,5511713383
MESW124084MTWFKSR6,5580243241
AZGY433471MYYAMUMB,5569163927
WDAH190284HKVJEFBP,5556597672
NOHR091795HNDEKPT2,5539895927
SRWY476622MGNQGC4N,5596569158
HDDC784808HBANIV13,5522190697
TQKD544216HLMPZM89,5546727983
NLKG147684MAHKQJO2,5558260836
IGUH840668HXHQOV15,5513824633
JCXI911082MZQZUHGJ,5591970249
ABVM529762MEMTLB02,5551005768
AGLF934365MKESSR12,5513314324
SMRE412287MKXKPMT5,5514329320
XMTD359058HNGRKL0J,5525884334
XGJJ136004HYHUVT69,5501783671
IJQP216493MXQKPGL5,5556304046
WAPU850612MNNQNSJJ,5518191872
UEWA783579MAXHSQX6,5530107222
BKBM661126MDJFJA09,5543563567
UMFK429999MWKBBQ36,5532098748
ZTBF131414MZLJFC6B,5534219307
TBSS980258HNQZJTOZ,5557749864
WYYB329733HNJAVF15,5568764841
PHUA043453HKEDZDUF,5565002392
FWKM351655MYEOMF50,5513734353
JQFC382643MMQEBVE2,5500428563
GCBC799589HUDCVV16,5513437010
ZVVD253196HVUELJBP,5530317968
UEYL854278HVVZPHG1,5543348615
DIMV080527HSUTWAN5,5524291744
AESX429195HVLJNY33,5502090603
IKYA517498MZCEGY70,5569751940
MHWJ207828MKKUFMDV,5530453345
DVTB574444HUSUGHO9,5573345070
PKCS935591MWYUNG7Q,5585251183
LXGG769409MJJPXEN3,5522529353
CCDG587885HHXUSF7O,5572923694
JYBZ477355MSGQTJV5,5555098364
BCHE428508MWZXVQB1,5539554377
AYZZ565156HMGDVYVY,5561031149
ZDUS911681MOAFPQ7N,5597263824
CJOC440697HUDDXKU8,5569256660
YBIG120523HTHRKIJW,5571185694
PGDN138972MMQPKJQ5,5544636912
JRSN750582HJCUNHE4,5577809226
DCWI927450MUVHYM9Y,5572883789
EBFG971245MFJVUJ1E,5567796505
PUDC087761HJLPEQ43,5566419122
XTDG732015MYMTFCRX,5519498788
JLKE412845HTRZZMA9,5548424657
SIMK391880HEXUWTGG,5532609775
HRFX079624HISUEUDV,5501190261
HKNX132206MEFTMK72,5557964644
GYKE895065HKQQNNH6,5551168429
FEHU247680MGXRSE97,5585557148
PJMF080337HLYRMTU2,5595755893
THNO188509HKIFEHQ6,5537069627
YKNA129614HSXIKI7K,5520111307
TFKC559221MSVZHE30,5501615004
WUKV208480HIYOXW34,5513920051
MRNT051446HYCBAMP5,5509445964
ZTTE908957MOOKVPL1,5583451649
RBQC660561HPGNCMDM,5553244793
PYLN022880MXDUHYKG,5510482136
PKSM115463MAEAIB8R,5524411560
GIUY809820MUHUIC6B,5518856160
OREE415310HXZMPXE0,5507931297
FPAC159233HTTCZB5H,5543575242
POZA765594HZPDJVLX,5562812238
LIJP894182HDFWXY9A,5579818252
SJDT739130HUHWOFOG,5509939734
JQKI199830HPDBOYWE,5583500574
XPTI572112MHLYHJVO,5570655553
NFXC423018MVLOWFJX,5595511692
MEZE497121HTMOUE3Q,5579023588
LFSY630354MDVQORH9,5509347972
ZJHG617100MLZMGWPU,5576333540
QJWW457612MUPQFT6Y,5548200124
KIMA193326HXXOLJ2O,5532751035
USLI006672MCJURRNE,5548543456
GUCQ119389MMKXCVRF,5516125881
QAWV552115HLWXDH16,5556201536
AYVC783855HIDHFY7E,5523047684
QCZK338437MFRHKQL4,5595230847
XYAI549192HHENYP04,5572983187
GBJS778311MZASSR41,5574336670
QEDY931591HAXGBN90,5534162193
UGTV466497MWNJNGM1,5535618126
MZDE058685HFVGCL5W,5577617950
LOJE218150HWRLTISZ,5585682611
QEEA988884MNXRAU4U,5508362262
ZPLF822296HKPGTXH1,5517072418
GHIE082982MDJNUS42,5510980916
GVPX977914MYYBRYP2,5505605176
WWUT321571MAYCMS79,5524695823
LWKU550431MBYWFF14,5539660705
PTKM684164HIIICWR0,5539615224
WRZX139927HVKRAJ32,5544087586
QNNE014312HGSDZA9U,5520344753
XTYV526574MBVXKAT3,5525162575
FNUZ535581HYFYYFEL,5567230912
EKAY354170MIJXDAEW,5591771532
HMBI383255HOMRTK5O,5590675875
GCKL668400HCLQXL8Y,5549765487
YVJB334174HPGHIF25,5502322821
UBZO290509HTUHMXHH,5589174960
DNDI847362HEUGJENL,5511997888
TAJM678005HWPCTBOV,5541766700
PLKP033374MKRVWG9Z,5576279316
ZHEQ121227HXASPH8B,5593116861
IFBO891932MFTGRD9I,5535741265
YKLB099185MPESTV8P,5543668515
KTFD337040HLXDOB16,5548361468
HUUP092003MAAUJQ9S,5531634901
EOCU954800HYFOML7S,5505953452
ZOUI676751HANJAV37,5584343789
ZSGR174891HIZGGSVE,5537252455
CJMJ943399HDRXAPC7,5540588485
XXVS404539HCXIVAI9,5576645672
YKKT214478HDEWXMFO,5565356291
GDYG061194HGKHIG98,5552703878
TLMG979714MOKTMFQ7,5525225532
OGXY317664HFHZNPWK,5576776910
TCJW840704HOJFBAGX,5554506130
HNLB546879HVOXFHE7,5537711475
VMXY960272MXQJLK77,5530071759
HMFS078344HJLHRP4H,5542122088
MNHP636332MUQILWPU,5599891136
MYWK764016MTSCJG92,5531117098
SYKN545633HHAIDA5L,5517730837
HMNO615621MGQMGV9O,5572852691
MZIS130794MWDOMI2S,5523242567
HBVL557855MCDPOWU5,5576684424
LLTM222475MMHVWTB0,5553056471
EYYF828305MZXFYSZ1,5583732208
AINF427379MUXCADBH,5558713651
ENIA892312HFQOCKIS,5538648392
NXBY566376HVVLLS88,5573160291
RKOJ115284MGPOSXP7,5560296432
CDAU250435MGFAPTJ0,5555055568
CNOB565648HREDUVE5,5594320794
RWNT508570MKAIWE8D,5529753361
FJWR609988MWUDTIRC,5573960150
VFTW074198MMGEADLZ,5500098003
OTVE946674HHNBBIU6,5517628489
FMXZ939978MJAXDX1F,5560419675
QNRV862145MGXBRTF5,5506295640
LWZS688642MFHGCK56,5538921724
TOAL290261MJPMAHE7,5597008676
NILI301440MOQMFYVS,5578591937
QZRJ642690HWFGFBFC,5582950200
VALU240803MJEJBF03,5536521521
UZZI885955MHSRWU8L,5551711861
TIER607121HQQELD3P,5520762082
KIQX032686HCXOTVJ1,5516352678
DCZO356080HVUXVHR3,5538000261
ABBA169791MJBJHKTP,5550335427
VGLO392218MEVMJO7T,5540492611
OIVB112564MFPIPH4R,5562940338
CKIG203420MMEQWICU,5518151063
JNXG308047MZQVQV4N,5589792218
MVKL276727MHAZPEW5,5524065040
BVHR052736MWGAQCGW,5597763080
HRMC840239MRESVNL4,5546962651
PQYX220756HGGHQOB4,5508103840
RSTI034325HYGSYBX1,5516385839
VJXV038677HSSBMJ79,5587316133
XLJY631353MATZASWX,5542122553
VRVB120510HLNKMR03,5572338446
YLWA637361HAZFFGWP,5511441503
BOWV519380MRTDOP40,5509809049
FTUS665209MPTUGO1V,5590052620
DQMP543444HNWNKTB6,5543855865
NPXO946103MAPOXTIS,5533220593
KAKK991216HIRJHJM9,5516405164
YDQJ819020HVUHMWL1,5525003316
NVRZ509588MYRJAH67,5527059149
WFFX314129HBAFFXN6,5588273377
DQXX843519MCPXLOH2,5502119432
XPKT713416HDBNZM46,5560786100
WIKQ935281HUZWFZWZ,5576106275
DPIL342022MZLUHPKB,5585859538
CBIJ640173MHMYVC5O,5547854787
AHAM675136MBGMYOFC,5584589076
IBNF628138HLWTYOF8,5529666739
LOJH506913MFNNTA26,5501238312
QCXV126090MRBNCQ4I,5536887204
QMJS459752MZWXEPK8,5506858282
IGBO371950MMEZDKF6,5544457381
FSOW849549MEMHQWV8,5598970074
FHLP706003HFHHNX05,5590844364
CMDT081615HVNKKUS8,5576121220
KSOY152354MGOTPL6R,5506833194
BERO137225MNGWEDPW,5524019366
QOFA262350MGCAWGR2,5576105392
MYHR743858MTQLVZW8,5546781200
AHGK790961MWESRYGD,5587385417
DSZW667056HYTYWWGE,5576552617
NZVX317580HHWDEN0D,5527881129
KPPX844698HXARLM96,5590243345
WHRU365898HUPHML88,5561545726
OGRI221525MHANTX6Z,5585926624
RRAK139864HDJIZZQS,5507201053
KYJC735804MRLAPA70,5595942237
DFTH736360MAMHKB6S,5568651688
SBNR192826MWZKFR2M,5573481782
MSLY899431MESFWURW,5528961374
JZZN763669MKSPVYM3,5570990529
CUKX063603HTNNLK8O,5514056126
XQTB895323HWMMHJHB,5537766376
JVLP126970HSLXSHBI,5533695846
NGDC658676MHHZCUKK,5526156928
UKAI172316MVAGRC43,5598507143
QXXZ044404HSKPOWA2,5559873753
DAEK960760MXBMDY7I,5579344103
UXYB918502HCKDEC86,5509357822
TDJI398305HNJDNZXW,5533373467
JJSM049455MCLDIZB6,5583290292
EIEJ265679HBQIDSA0,5578294510
FRCO293210HDIJHTSN,5555192205
IZOF241399HAOCXQ5P,5599060643
CFTT955021HJGEHV78,5559184299
LSCR067728MYLTOAN5,5591587493
JYRK768314MQKNNXR1,5504149780
TEWO506862MDUWQK85,5595869409
TILG379177HBMJGR1H,5527944226
ETUK623575MVBGOP0Y,5550667475
OUVE299513MZVLHU10,5580528206
IIXJ605752HRKREKT8,5558476906
SPAO150578MOZKGG7M,5566824953
MQZO826689MZDWHZ56,5530963790
GZBC418354HZGUJEP0,5577337621
FGYP268808MAYBLFN7,5547150452
WFBN442671MJOBZA36,5542338515
RAOA856799HYLSTGKE,5509039856
SGAI356543HYWIZP77,5541871665
ORMU865383MFZZCJSN,5587412326
IBHL814331HNNAWKD5,5520459572
PDWL465119MFMTUEG6,5564735930
MSJB744884MDHWJVR0,5535943133
HUPH563254MMUPUSKH,5580301401
RLXH384689MTLJSVQR,5542674170
KHNR955341MBVTPXV5,5526101948
CWHD946763HZFWQLC9,5572875901
DVGT160027HNQFUJKH,5585920221
UBNI858561HOQFILDE,5505983390
SZDE819187HEGZUQK4,5513036422
FGYK773115HBAKNYH7,5516612677
DJGQ351926MXOJYYPA,5585101096
ZIZI591106MNCVFY8A,5541231470
EGWC957104MHRGOZV0,5531452440
GEFN159443HPJSUJ85,5521660181
OFLB575163HSTVEMW7,5572850965
CDCS194387HLDQHTE9,5535737346
ZTPT349348MLOHDXCV,5541661511
POLV997004HKHWNG8T,5571127886
GDIM580836HVKGSRG9,5562893958
CPUS558382HUYHDK33,5583307582
LRQL800377HENEFYDT,5506702551
BCEX041999HTCDYPL1,5596628444
JXLQ756166MMZVUWGK,5585933528
INHD361518MYESLZ17,5587569441
CEIF877522HKNYXRB3,5589895992
PYWQ665510MIRNRJ6U,5514414499
FMYU865506MTBZCO4S,5539284070
BOEI740692HZBAPM28,5586847126
GIWW858307HKUNDB34,5523918459
TAYY832814MTZQAV3Y,5508145028
CYYX132657HRQVZP76,5592064554
CNXO696869HULYBTJP,5581072976
VYJQ202344HWAGRKFT,5562514423
JUBP755926HKUGCLE2,5524119865
BJIA075369MBVNTOT5,5577932297
EONM310509HQZUPGX2,5544497646
AMZI218072MYSPOLA8,5543633655
VODX453896HERUXKF5,5559636076
FOWW085241HHHWXY1N,5525478341
PKZR751491HLNOVES1,5532474752
QEJI654334HKLTZNP6,5561188802
SKXV163826HGAEIN92,5590047598
LXOP133265HGBEJH3F,5575644952
BCBC974644MGQPGHQ0,5589439073
FTCO368558MIOHJY77,5530821285
DXRY238189MBHLAO59,5593352632
PVWW184703HYSGIA75,5589090310
AUID658055MFMAELW5,5576702305
QZGM106792HDTNYS7Q,5531673112
PHFA358178MZUHZAX7,5513530056
HORT452322MOVEQVP8,5502312367
BVJS791102HCPZDGJY,5549639700
YUGG486204MTNGOE1H,5578009566
RPYD566732MPCXWTC6,5530237599
RGQK927521MGTWDGU0,5512286297
JMBN775839HOECCE55,5508985954
WYPB896872MYOKCR7N,5567761140
DONU327577MWFNXDO3,5531245513
VPIF471261HTVJFT32,5599033901
HEDN380232MUCZAIJT,5559435580
RFRI491656HBCOUK9T,5523039044
MPPF143439HZDVQBN2,5568845136
SSWS053904MKMNBVZ6,5532509620
UTNS059317HOXJOQ90,5547935450
UAYK460143HKVZONNF,5559959881
NVQB315741HHVLKJ7A,5562048962
ULCP307344HSNUHKS6,5559641085
RMUT734027MVGFEX7G,5543400146
QUUN450649HTQMCQX2,5539926419
YETR902448MCRIKT8N,5516715482
EQCZ854236MVONYOL9,5529773886
YKSY139007MBVBSJA4,5586087447
APRQ802778MYACJHWF,5501787494
WPJC630217MCEFGN10,5577881879
UKZP112790HPACQQ5Z,5534988064
TSOP456518HXSOUMKU,5532357191
QYTT752289HVVPZM0Q,5515049039
LKTR269690HGGQOW27,5541588201
WPVS264330MDYFFH0N,5546625740
WDBK147148MSAARD2T,5546107991
WWOI187692HPQZSRXG,5524706167
IYFB477169HGYSYA55,5546380161
SPQV560477HDJOPW80,5521583311
HCBO390590HWATUS6G,5571941060
RVPV479172MJHEMVJ5,5552160447
AVWE915997HYYMWMM4,5587133435
FOQD880225MTZQXCB4,5569505168
TZXW424423HSSOAI45,5549001269
HQWR687078HYMUWL2R,5568923071
URDU551798MEHECR40,5519006379
DPYP896778MDPQPYQ5,5569038975
OSBN855059MFNKWS6L,5575994728
RJFA321602MNQJQP80,5586133384
MWXQ110407MZHZLL7I,5560340806
EHLV005483MZPRITMD,5577884191
RXPB911801HGAVDDY3,5593768735
OHLN848275MAKXPM35,5562021789
KJTT324123MCLXHL17,5548843043
PRJX001853MZTUZIR3,5565784693
JGZP577398MRDNDA63,5596885308
CKXN412650HWUAXB4T,5582421556
LEZK891188HXVHSUDY,5589757105
XHWK730380MWFGZT9P,5572636293
LJCQ767655HFTYFP43,5522079862
CMZW465831MXJELMYR,5516296894
VSOJ792824MOSLYXY4,5522229505
HJXP388596MGNPMIJ4,5506323397
RURR083650HXXBTELK,5517581423
YBDJ923288MWJPQS52,5590007532
DAYN766071MJCOTCQ5,5583739942
RPIW054679HWIPHD53,5592355378
ZYRA535305MEXZLKF7,5565421059
YFYI832655HZTJLX8O,5557776848
PBBU747393MLKKDNBP,5598447427
BWXA327327HKGCVNEJ,5589592360
DIQS098616HPMVOHDR,5572885123
BUOJ126464HQXHXBG6,5555715383
CQTF561497HILWVTI8,5574337241
QNST828181HAYMHY2E,5521433575
OTJH465898HIVPHPY3,5541845954
GONQ008851HAFFTE6E,5520292814
CXAO594838HGKJZW71,5542951149
RPJK254380MWIEQTU5,5552672519
SXEE455956MRYBTRJ5,5502218660
VZWA331474HNSYHGXF,5544100560
NVSX829036MCTHLMSE,5578877359
EFMJ501951MIBGDU9S,5536473491
YXHH190515MESMRG7D,5501656749
BIWJ132273MGNUFEPR,5537111058
ZQMT469439HFTJXCF5,5530102431
QYCM461984HDSCRDPD,5585638778
RQTK204745MZXRAK6M,5501139577
UPXE046929MYMFBWPD,5556540664
CXAT015735HTIRWVUB,5528016262
CYLS770504MHLCGQ7P,5527202981
OGBM576582MISQOA64,5582899939
OPBS062133HGDBZM51,5554379357
ZMGH158053MLZVJVOT,5532887116
RGTB314682HNEINC97,5563565431
VDPK693807MWLJHU1T,5539704233
WZWC112587HGEWOB1Z,5566323951
SEBF233657HWASGT6I,5551095130
XAZA122983MSXXVX37,5519669754
YFVB667159MWNHAO4T,5562483204
VLFQ887012MTQRBMP0,5503939176
BEBB724693MUBQTX3T,5531065489
NWQS575818HMZTVO02,5555004444
QLKB813075HFBFPDQ1,5551471085
HLWL707845HAOFCCY9,5532136646
TJIQ075046MSICOYV7,5549695305
MYTR625168HKVCJS88,5552405271
VUIQ612955MOFQGID7,5579230139
JXDM306676MCWFIDJ3,5512638399
AEKH804113HYVGZU2M,5582257570
AAMU783169MMJIMTTE,5570937132
TRNK258573HPTZXL38,5537411424
XKVT331143MKGDQRPJ,5588273502
DYPM518742HLRQYW3R,5567129647
XSCX938003MUFLKI71,5569329782
CGUO597998HBEKNJFZ,5501028396
KDOP967051HVAQFX0T,5517687658
BSQU652459MLPSWQLZ,5527047522
NHFZ358249HHBVGFJ5,5561018680
JENV628995MAGELOH0,5569519412
ZSCN997960HPFHPTA2,5578633678
WNVD908049HRYZOED7,5530962995
XEJY629264MIURROIR,5581225113
IKFW744268HFQNQA19,5598654146
EYMJ615783HWCIOCIF,5503804354
KHAM220491MEZJBI54,5503468037
FGZC634279HKKIHH6R,5520722490
NFWP386394MJTCIUWE,5530590335
JNFJ839202MYXNBJLI,5523622135
EVXA098507HCDKQPU3,5572189875
ATUM273607MMFJKK97,5565503855
CSBP713746HQLIFU51,5524551038
LPAX902804MABVAR5J,5548613091
GQSR839277MSAYRM6L,5576705246
FRLO950428MWJROCV0,5531664194
IAXM794976HHWWXX5W,5560431038
TYTN877356HAUMWQ28,5510324400
AQKX975460HBJRPUTG,5517879726
MLXK271223MUOYGDXI,5573667344
FAIZ817471HDHYVDWP,5515275990
MJNZ763683HMXNNT8Y,5522281584
SBAM245804HIZEPO92,5563869080
RCZY892696HPUEEJX3,5555268020
FGKR444750MTDZWBL0,5593238719
AJEB950991MGFGWQH6,5526227192
DGKO546353HRPDUX6E,5533139598
QITB424165HOTSHT9R,5565569334
ONXY793666HZPWPU7W,5599691735
OZOE943296HEXGADY6,5575002688
AORX920769MARYRJO9,5551781431
KEPQ494967MYHXJY9C,5538971031
ZHJX846305MYBWWSV9,5525010035
UNNY236626HJVCQJ9W,5593052225
IXSO234634MGCENN98,5542846426
NNPY432987MHUUHI3A,5509483100
UMKV986514MLXLQRH2,5502801719
AMSI596753MNTBQML4,5531104187
CPHK006558HWCJGA5T,5595958810
DQYD528287HMYSJMH2,5532704111
IBWY650448HQZYIPC0,5594847125
QEQV355465HFUALO08,5567755317
LEFU374720HXTCFZ58,5565416827
JBYK404512MBNBHV6R,5539977587
ICYL182121HMKVYODB,5565627683
ULQN731923HUUJNVWU,5599232378
XIOO792252HCGUWZF2,5567322418
FJLZ793551HUYPBU3D,5574341626
YELI215806HLMCCO5W,5572534961
YZGY413178MESYGMW4,5518850094
FIXN594407MFYJLLS0,5546959660
XKCV191629MDHUGSM3,5512843877
MBNM980475MYTIKW99,5596522141
THHC552467HVEGWJPL,5538977239
TNZW661798MOHBSBG6,5590534087
XKQS742617MCAKOR80,5546453955
LUVX976118HDWWTHSC,5534893923
TZCO288612HQWOTQUP,5585656844
VTFW431872HLUTAR8Z,5548388276
IIDL260453MNOJYEK8,5561939817
HXGT788323MTBLMAVZ,5506118296
WIUX972518HYDPOD19,5549636685
OLUC645662HQLNZXWP,5532192758
SQQJ726328MATEZG64,5544149846
HAXB647681HPLZUQV8,5524939150
BPPK114757HNXVDXG4,5569068328
VUHV897311MOSGJVGS,5510139534
CAOZ105287MPOPUCJL,5519960273
NZVA725993HPKRRO65,5561524323
HEWW412005MAHKSHO0,5555845995
SWIB970811MZXXIG0I,5522805827
HEYL247284MODRPHZB,5523482133
BIEC312100MZSLJI0G,5523015059
EBMJ918470MSCTGCKT,5587519853
SFNO756961MWWDHE0K,5512185516
EMJA881353HSWENE96,5553790260
UPXM325427MIOQQX78,5516648409
PAZR053052HBKHYJM0,5536467961
ECCE052677HQRSQA08,5561137494
ZLST005167HMTOQP1H,5567619468
GKQF487511MOOFHQ08,5557905429
PPAB227025MTOXYZJM,5510671695
ZKCQ436736HHVRVP69,5531028385
EDJQ798507HVPHHZY4,5532950768
PCVN206741MNHDRS6W,5526001895
XAWK566637MGSWQZ47,5553548617
KWBB784353HNKZJMFS,5578613913
OVJY060662MXKYWF20,5558021319
QEXW092445HTKSYJ2R,5593745356
THRD427238MBIOWRH9,5594394901
IWWQ696404MAJQGUQQ,5506564049
DECX438968HKXQFSM8,5541578973
YPNZ771030HDTIXM6W,5515263981
RCXX331604HEPTIC42,5545603612
PTSK867673HJKCRL0R,5538003223
DJUT065739HSUMNZ75,5573552639
VWSN870317HGUMANQQ,5543027674
JKXQ732886HHGQUE88,5529817176
ZNUA719817MYFJDN93,5526083651
MJXZ033935MCDMCZHB,5542722437
EXME422197MUFRAT18,5574366862
RSUL999553HXNRHNMF,5537153313
JOQK505172HCSGEQZ5,5579715453
GCXC893907HZHFCU6E,5555476219
JDMG223524MQTEIV7D,5564924204
BCQJ314874HBIGWVNL,5563154108
PUSW930427HVZDFT8I,5570945254
XINV806184HIMWDML2,5544305676
SLTX760995MDOWEVTK,5591297941
QRDT270101MXCYQJHU,5543346488
EQIF760347MTAEREND,5565608816
MZGZ902438MNDPMK28,5579339930
UMOO264143HGWADU01,5535057222
BKBU676956HTNEFP60,5570766549
IMJE484790MKCDQA4W,5541135048
DVJB233233MPMRCD8Z,5598655419
BYUN138678MNRBJI4E,5525155434
QTBH672936HIYVFWIA,5549786139
VTJP252860HPNEHKZ4,5599902473
SDOX474345HXELAV3Q,5511818576
ERCK950042MBDOQT5W,5529870925
GGON044029HRXUEKYJ,5573035635
TXRL671253MPPHGUQ4,5554319626
HJFO997112HCJFFH4J,5530102241
PGFK401771MMPDJWY8,5572009125
JBSA832901HSMIXA06,5594356978
SMMN215454HVURMCT9,5559193053
THJA886096HBRGHV0U,5503222583
TYDZ718357HRQDZOZR,5537822316
JVVI940972HSBXJAUD,5534617743
HNHT415895HUNXJX59,5564078966
GKGC114451HQLTLLKO,5559299681
JGYP414157HGJOWD2M,5508083311
ZPDW657178HYVKHL46,5563974290
DAYS799707HRHXCRY1,5580706528
PLQN262613MWBOVI64,5561609681
NZBZ928161HWDTQTE2,5526638611
XOXU661963HHTZIN6F,5548705038
EJDZ778593HVLXBIA8,5533926077
BIWG075773MPPAXEJ5,5546779136
ICGZ671029HUXWQI8R,5553933348
PECS802718HYXBTW8C,5594771534
GQHP591300HYGATJYQ,5512466806
CRFJ507529MJLUKSE2,5525839987
QONB253394MRMNTV04,5540721962
QRCJ163187MKWPXEGR,5508756459
